Price,Catergory,Brand,Name,Type,Code,GB,Watt
0,VGA,Asus,ASUS EAH6570 /DI/1GD3(LP),AMD,6570,1,250
0,VGA,Asus,ASUS EAH6570 /DI/1GD3(LP),AMD,6570,1,250
0,VGA,Gigabyte,Gigabyte GV-HD 7990 D5-6GD-B,AMD,7990,6,750
0,VGA,Gigabyte,Gigabyte GV-R 7990 D5-6GD-B,AMD,7990,6,750
0,VGA,Asus,ASUS R9 270-DC2OC-2GD5 ( AMD R9 270 chipset ) ,AMD,R9 270,2,300
0,VGA,Asus,ASUS R9 270 X-DC2T-2GD5,AMD,R9 270,2,300
0,VGA,Asus,ASUS R9 270-DC2OC-2GD5 ( AMD R9 270 chipset ) ,AMD,R9 270,2,300
0,VGA,Asus,ASUS R9 270X-DC2T-2GD5,AMD,R9 270X,2,300
0,VGA,SAPPHIRE,SAPPHIRE TOXIC R9 280X 3G,AMD,R9 280X,3,450
0,VGA,SAPPHIRE,SAPPHIRE DUAL-X R9 280X 3GB GDDR5 OC (UEFI),AMD,R9 280X,3,450
0,VGA,SAPPHIRE,SAPPHIRE VAPOR-X R9 280X 3GB GDDR5 OC ( AMD R9 280X chipset ) ,AMD,R9 280X,3,450
0,VGA,MSI,MSI R9 280X Gaming 3G,AMD,R9 280X,3,450
0,VGA,Gigabyte,Gigabyte GV-R9 280XOC-3GD ( AMD R9 280 X chipset ) New 100%,AMD,R9 280X,3,450
0,VGA,Gigabyte,Gigabyte GV-R9 280XOC-3GD ( AMD R9 280 X chipset ) New 100%,AMD,R9 280X,3,450
0,VGA,MSI,MSI R9 290 X 4GD5 BF4,AMD,R9 290,4,450
0,VGA,MSI,MSI R9 290 X GAMING 4G,AMD,R9 290,4,450
0,VGA,MSI,MSI R9 290 X LIGHTNING,AMD,R9 290,4,450
0,VGA,SAPPHIRE,SAPPHIRE R9 290 X 4G GDDR5,AMD,R9 290,4,450
0,VGA,MSI,MSI R9 290 X GAMING 4G,AMD,R9 290,4,450
0,VGA,MSI,MSI R9 290 X LIGHTNING,AMD,R9 290,4,450
0,VGA,Gigabyte,Gigabyte GV-R9 290OC-4GD,AMD,R9 290,4,450
0,VGA,Asus,ASUS R9 290-4GD5 (512bits),AMD,R9 290,4,450
0,VGA,Asus,Asus R9 290-DC2-4GD5 ( AMD R9 290 chipset ) ,AMD,R9 290,4,450
0,VGA,Asus,ASUS R9 290-DC2OC-4GD5 (512bits),AMD,R9 290,4,450
0,VGA,Asus,ASUS R9 290 X-4GD5 (512bits),AMD,R9 290,4,450
0,VGA,Asus,ASUS R9 290 X-DC2-4GD5 (512bits),AMD,R9 290,4,450
0,VGA,Asus,ASUS R9 290-4GD5 (512bits),AMD,R9 290,4,450
0,VGA,Asus,Asus R9 290-DC2-4GD5 ( AMD R9 290 chipset ) ,AMD,R9 290,4,450
0,VGA,Asus,ASUS R9 290-DC2OC-4GD5 (512bits),AMD,R9 290,4,450
0,VGA,Asus,ASUS R9 290 X-4GD5 (512bits),AMD,R9 290,4,450
0,VGA,Asus,ASUS R9 290 X-DC2-4GD5 (512bits),AMD,R9 290,4,450
0,VGA,Asus,ASUS R9 295X-8GD5,AMD,R9 295X,8,800
0,VGA,Asus,ASUS R9 295X2-8GD5 (1024bits),AMD,R9 295X,8,800
0,VGA,Asus,ASUS R9 295X-8GD5,AMD,R9 295X,8,800
0,VGA,Asus,ASUS R9 295X2-8GD5 (1024bits),AMD,R9 295X,8,800
0,VGA,Gigabyte,Gigabyte GV-R9 290XOC-4GD ( AMD R9 290 X chipset ) 100% New,AMD,R9 290X,4,450
0,VGA,Gigabyte,Gigabyte GV-R9 290XOC-4GD ( AMD R9 290 X chipset ) 100% New,AMD,R9 290X,4,450
0,VGA,Gigabyte,Gigabyte RX 470 G1 GAMING-8GD,AMD,RX 470,8,300
0,VGA,Gigabyte,Gigabyte RX 470 G1 GAMING-8GD,AMD,RX 470,8,300
0,VGA,Asus,ASUS ROG Strix RX 480 8G GAMING,AMD,RX 480,8,450
0,VGA,Asus,ASUS ROG Strix RX 480 8G GAMING,AMD,RX 480,8,450
0,VGA,Asus,ASUS ROG Strix GeForce GTX 1060 O6G,NVIDIA,1060,6,450
0,VGA,Asus,ASUS ROG Strix GeForce GTX 1060 O6G,NVIDIA,1060,6,450
0,VGA,Asus,ASUS Dual GTX 1060-O6G,NVIDIA,1060,6,450
0,VGA,Asus,ASUS Dual GTX 1060-O6G,NVIDIA,1060,6,450
0,VGA,MSI,MSI GeForce GTX 1070 AERO 8G,NVIDIA,1070,8,600
0,VGA,MSI,MSI GeForce GTX 1070 AERO 8G OC,NVIDIA,1070,8,600
0,VGA,MSI,MSI GeForce GTX 1070 SEA HAWK X (tản nhiệt nước),NVIDIA,1070,8,600
0,VGA,MSI,MSI GeForce GTX 1070 AERO 8G,NVIDIA,1070,8,600
0,VGA,MSI,MSI GeForce GTX 1070 AERO 8G OC,NVIDIA,1070,8,600
0,VGA,MSI,MSI GeForce GTX 1070 SEA HAWK X (tản nhiệt nước),NVIDIA,1070,8,600
0,VGA,MSI,MSI GTX 1080 GAMING Z 8G (Limited),NVIDIA,1080,8,800
0,VGA,MSI,MSI GeForce GTX 1080 AERO 8G,NVIDIA,1080,8,800
0,VGA,MSI,MSI GeForce GTX 1080 AERO 8G OC,NVIDIA,1080,8,800
0,VGA,MSI,MSI GeForce GTX 1080 SEA HAWK X (tản nhiệt nước),NVIDIA,1080,8,800
0,VGA,MSI,MSI GTX 1080 GAMING Z 8G (Limited),NVIDIA,1080,8,800
0,VGA,MSI,MSI GeForce GTX 1080 AERO 8G,NVIDIA,1080,8,800
0,VGA,MSI,MSI GeForce GTX 1080 AERO 8G OC,NVIDIA,1080,8,800
0,VGA,MSI,MSI GeForce GTX 1080 SEA HAWK X (tản nhiệt nước),NVIDIA,1080,8,800
0,VGA,,Zotac Nvidia Geforce GT420,NVIDIA,420,2,300
0,VGA,,Zotac Nvidia Geforce GT420,NVIDIA,420,2,300
0,VGA,Zotac,Zotac GeForce GT 630,NVIDIA,630,1,300
0,VGA,Zotac,Zotac GeForce GT 630,NVIDIA,630,2,300
0,VGA,Zotac,ZOTAC GT640 Synergy Edi Tion,NVIDIA,640,2,400
0,VGA,Zotac,ZOTAC GT640 Synergy Edi Tion,NVIDIA,640,2,400
0,VGA,Gainward,Gainward GeForce GTX 650 1GB GDDR5 192bit,NVIDIA,650,1,400
0,VGA,Asus,ASUS GTX 650-DCG-1GD5,NVIDIA,650,1,400
0,VGA,Asus,ASUS GTX 650-DCT-1GD5,NVIDIA,650,1,400
0,VGA,Asus,ASUS GTX 650-E-2GD5,NVIDIA,650,2,400
0,VGA,Asus,ASUS GTX 650-DCG-1GD5,NVIDIA,650,1,400
0,VGA,Asus,ASUS GTX 650-DCT-1GD5,NVIDIA,650,1,400
0,VGA,Asus,ASUS GTX 650-E-2GD5,NVIDIA,650,2,400
0,VGA,Gainward,Gainward GeForce GTX 660 2GB GDDR5 256Bit &amp;amp;amp;quot;Golden Sample - Dual Fan ,NVIDIA,660,2,450
0,VGA,,ASUS GTX 660-DC2-2GD5,NVIDIA,660,2,450
0,VGA,Asus,ASUS GTX 660-DC2O-2GD5,NVIDIA,660,2,450
0,VGA,Asus,ASUS GTX 660-DC2T-2GD5,NVIDIA,660,2,450
0,VGA,Asus,ASUS GTX 660-DC2TG-2GD5,NVIDIA,660,2,450
0,VGA,,ASUS GTX 660-DC2-2GD5,NVIDIA,660,2,450
0,VGA,Asus,ASUS GTX 660-DC2O-2GD5,NVIDIA,660,2,450
0,VGA,Asus,ASUS GTX 660-DC2T-2GD5,NVIDIA,660,2,450
0,VGA,Asus,ASUS GTX 660-DC2TG-2GD5,NVIDIA,660,2,450
0,VGA,Asus,ASUS GTX 660 Ti-DC2-2GD5,NVIDIA,660 Ti,2,450
0,VGA,Asus,ASUS GTX 660 Ti-DC2T-2GD5,NVIDIA,660 Ti,2,450
0,VGA,Asus,ASUS GTX 660 Ti-DC2-2GD5,NVIDIA,660 Ti,2,450
0,VGA,Asus,ASUS GTX 660 Ti-DC2T-2GD5,NVIDIA,660 Ti,2,450
0,VGA,Asus,ASUS GTX 670-DC2-2GD5,NVIDIA,670,2,600
0,VGA,Asus,Asus GTX 670-DC2-2GD5,NVIDIA,670,2,600
0,VGA,Asus,ASUS GTX 670-DC2OG-2GD5(256bits),NVIDIA,670,2,600
0,VGA,Asus,ASUS GTX 670-DC2-2GD5,NVIDIA,670,2,600
0,VGA,Asus,Asus GTX 670-DC2-2GD5,NVIDIA,670,2,600
0,VGA,Asus,ASUS GTX 670-DC2OG-2GD5(256bits),NVIDIA,670,2,600
0,VGA,Asus,ASUS GTX 680-DC2O-2GD5,NVIDIA,680,2,700
0,VGA,Asus,ASUS GTX 680-DC2T-2GD5,NVIDIA,680,2,700
0,VGA,Asus,ASUS GTX 680-DC2O-2GD5,NVIDIA,680,2,700
0,VGA,Asus,ASUS GTX 680-DC2T-2GD5,NVIDIA,680,2,700
0,VGA,Asus,ASUS GTX 690-4GD5,NVIDIA,690,4,800
0,VGA,Asus,ASUS GTX 690-4GD5,NVIDIA,690,4,800
0,VGA,Gainward,Gainward GT720 1GB GDDR3,NVIDIA,720,1,300
0,VGA,Gainward,Gainward GT720 SilentFX 1GB GDDR3,NVIDIA,720,1,300
0,VGA,Gainward,Gainward GeForce GT 730 1024MB GDDR5 (D5),NVIDIA,730,1,300
0,VGA,Gainward,Gainward GeForce GT 730 2048MB 128bit,NVIDIA,730,2,300
0,VGA,Gainward,Gainward GeForce GT 730 2048MB SilentFX ,NVIDIA,730,2,300
0,VGA,Zotac,ZOTAC GT740 Synergy Edi Tion 2GB DDR5 128bit,NVIDIA,740,2,300
0,VGA,Gainward,Gainward GT740 2GB GDDR5,NVIDIA,740,2,300
0,VGA,Gainward,Gainward GeForce GT 740 1GB GDDR5 128Bit &amp;amp;amp;quot;Golden Sample&amp;amp;amp;quot;,NVIDIA,740,1,300
0,VGA,Gainward,Gainward GeForce GT 740 2GB GDDR3 128Bit &amp;amp;amp;quot;one-slot cooler&amp;amp;amp;quot;,NVIDIA,740,2,300
0,VGA,Zotac,ZOTAC GT740 Synergy Edi Tion 2GB DDR5 128bit,NVIDIA,740,2,300
0,VGA,Gainward,Gainward GeForce GTX 750 2GB GDDR5 128Bit,NVIDIA,750,2,450
0,VGA,Gainward,Gainward GeForce GTX 750 1GB GDDR5 128Bit DUAL ,NVIDIA,750,1,450
0,VGA,Gigabyte,Gigabyte GV-N750OC-2GI ( nVidia GTX 750 Ti Chipset ),NVIDIA,750 Ti,2,450
0,VGA,Gainward,Gainward GeForce GTX 750 Ti 2GB GDDR5 128Bit,NVIDIA,750 Ti,2,450
0,VGA,Gainward,Gainward GeForce GTX 750 Ti 2GB GDDR5 128Bit &amp;amp;amp;quot;Golden Sample&amp;amp;amp;quot;,NVIDIA,750 Ti,2,450
0,VGA,Gigabyte,Gigabyte GV-N750OC-2GI ( nVidia GTX 750 Ti Chipset ),NVIDIA,750 Ti,2,450
0,VGA,Gainward,Gainward GeForce GTX 760 Phantom 2GB GDDR5 256 Bit,NVIDIA,760,2,500
0,VGA,Zotac,ZOTAC GTX 760 AMP 2GB GDDR5,NVIDIA,760,2,500
0,VGA,Asus,ASUS GTX 760-DC2OC-2GD5 ( 256 bits ),NVIDIA,760,2,500
0,VGA,Asus,ASUS GTX 760-DC2OC-2GD5 ( 256 bits ),NVIDIA,760,2,500
0,VGA,Zotac,ZOTAC GTX 760 AMP 2GB GDDR5,NVIDIA,760,2,500
0,VGA,Zotac,ZOTAC GTX 770 AMP 2GB GDDR5,NVIDIA,770,2,600
0,VGA,Zotac,ZOTAC GTX 770 STD 2GB DDR5 256bit,NVIDIA,770,2,600
0,VGA,Asus,ASUS GTX 770-DC2-2GD5 (256 bits ),NVIDIA,770,2,600
0,VGA,Asus,ASUS GTX 770-DC2OC-2GD5,NVIDIA,770,2,600
0,VGA,Asus,ASUS GTX 770-DC2-2GD5 (256 bits ),NVIDIA,770,2,600
0,VGA,Asus,ASUS GTX 770-DC2OC-2GD5,NVIDIA,770,2,600
0,VGA,Zotac,ZOTAC GTX 770 AMP 2GB GDDR5,NVIDIA,770,2,600
0,VGA,Zotac,ZOTAC GTX 770 STD 2GB DDR5 256bit,NVIDIA,770,2,600
0,VGA,Gigabyte,Gigabyte GV N770OC-2GD,NVIDIA,770,2,600
0,VGA,Gigabyte,Gigabyte GV-N770OC-4GD,NVIDIA,770,4,600
0,VGA,Gigabyte,Gigabyte GV N770OC-2GD,NVIDIA,770,2,600
0,VGA,Gigabyte,Gigabyte GV-N770OC-4GD,NVIDIA,770,4,600
0,VGA,Zotac,ZOTAC GTX 780 AMP! Edi Tion 3GB,NVIDIA,780,3,700
0,VGA,Zotac,ZOTAC GTX 780 AMP! Edi Tion 3GB,NVIDIA,780,3,700
0,VGA,,ZOTAC GTX 780 AMP 2GB GDDR5,NVIDIA,780,2,700
0,VGA,Asus,Asus GTX 780-DC2OC-3GD5,NVIDIA,780,3,700
0,VGA,Gainward,Gainward GeForce GTX 780 3GB GDDR5 384bit Phantom GLH(super overclocek) ,NVIDIA,780,3,700
0,VGA,Asus,Asus GTX 780-DC2OC-3GD5,NVIDIA,780,3,700
0,VGA,,ZOTAC GTX 780 AMP 2GB GDDR5,NVIDIA,780,2,700
0,VGA,,Zotac GeForce GTX 780 Ti,NVIDIA,780 Ti,3,700
0,VGA,,Zotac GeForce GTX 780 Ti,NVIDIA,780 Ti,3,700
0,VGA,Asus,Asus GTX 780 Ti-3GD5,NVIDIA,780 Ti,3,700
0,VGA,Asus,ASUS GTX 780 Ti-DC2OC-3GD5,NVIDIA,780 Ti,3,700
0,VGA,Asus,Asus GTX 780 Ti-3GD5,NVIDIA,780 Ti,3,700
0,VGA,Asus,ASUS GTX 780 Ti-DC2OC-3GD5,NVIDIA,780 Ti,3,700
0,VGA,Gainward,Gainward GTX 780 Ti Phantom 3GB GDDR5,NVIDIA,780 Ti,3,700
0,VGA,MSI,MSI GTX 950 GAMING 2G GDDR5,NVIDIA,950,2,400
0,VGA,MSI,MSI GTX 950 GAMING 2G GDDR5,NVIDIA,950,2,400
0,VGA,Gigabyte,Gigabyte GV 970IXOC-4GD ( nVidia GTX 970 Chipset ),NVIDIA,970,4,600
0,VGA,Gainward,Gainward GTX 970 4GB GDDR5,NVIDIA,970,4,600
0,VGA,Gainward,Gainward GTX 970 Phantom 4GB GDDR5,NVIDIA,970,4,600
0,VGA,Gigabyte,Gigabyte GV 970IXOC-4GD ( nVidia GTX 970 Chipset ),NVIDIA,970,4,600
0,VGA,Gigabyte,Gigabyte GV 980WF3OC-4GD ( nVidia GTX 980 Chipset),NVIDIA,980,4,700
0,VGA,Zotac,ZOTAC Geforce GTX 980 Extreme Edi Tion 4GB DDR5 256bit,NVIDIA,980,4,700
0,VGA,Gainward,Gainward GTX 980 4GB GDDR5,NVIDIA,980,4,700
0,VGA,Gainward,Gainward GTX 980 Phantom 4GB GDDR5,NVIDIA,980,4,700
0,VGA,Gigabyte,Gigabyte GV 980WF3OC-4GD ( nVidia GTX 980 Chipset),NVIDIA,980,4,700
0,VGA,Zotac,ZOTAC Geforce GTX 980 Extreme Edi Tion 4GB DDR5 256bit,NVIDIA,980,4,700
0,VGA,Gigabyte,Gigabyte GV-980 G1 GAMING-4GD,NVIDIA,980,4,700
0,VGA,Zotac,ZOTAC GeForce GTX 980 Ti Arc TicStorm - Tản nhiệt nước,NVIDIA,980 Ti,6,800
0,VGA,Zotac,ZOTAC GeForce GTX 980 Ti Arc TicStorm - Tản nhiệt nước,NVIDIA,980 Ti,6,800
0,VGA,Gigabyte,Gigabyte GV-980 Ti XTREME-C-6GD GTX 980 Ti,NVIDIA,980 Ti,6,800
0,VGA,Gigabyte,Gigabyte GV-980 Ti XTREME-C-6GD,NVIDIA,980 Ti,6,800
0,VGA,Zotac,Zotac GeForce GTX TITAN AMP,NVIDIA,TITAN,6,800
0,VGA,Zotac,Zotac GeForce GTX TITAN AMP,NVIDIA,TITAN,6,800
0,VGA,Quadro,NVIDIA Quadro K2200 4GB GDDR5 128 Bit,Quadro,K2200,4,400
774000,VGA,Asus,ASUS EN210 SL -TC1GD3-L ,NVIDIA,210,1,300
774000,VGA,Asus,ASUS EN210 SL -TC1GD3-L ,NVIDIA,210,1,300
779000,VGA,SAPPHIRE,SAPPHIRE HD 5450 1GB DDR3 PCIE HDMI,AMD,5450,1,250
790000,VGA,Asus,ASUS EN210 SILENT /DI/1GD3 (LP),NVIDIA,210,1,300
790000,VGA,Asus,ASUS EN210 SILENT /DI/1GD3 (LP),NVIDIA,210,1,300
850000,VGA,Gigabyte,Gigabyte GV R545-1GI ,AMD,5450,1,250
850000,VGA,Gigabyte,Gigabyte GV R 5450 -1GI ,AMD,5450,1,250
850000,VGA,Asus,ASUS EAH5450 SILENT/DI/1GD3 ,AMD,5450,1,250
850000,VGA,Asus,ASUS EAH5450 SILENT/DI/1GD3 ,AMD,5450,1,250
850000,VGA,MSI,MSI N210-1GD3/LP,NVIDIA,210,1,300
850000,VGA,MSI,MSI N210-1GD3/LP,NVIDIA,210,1,300
860000,VGA,MSI,MSI R5450-MD1GD3H/LP,AMD,5450,1,250
860000,VGA,Zotac,ZOTAC GT710 1G DDR3 64bit,NVIDIA,710,1,300
860000,VGA,Zotac,ZOTAC GT710 1G DDR3 64bit,NVIDIA,710,1,300
920000,VGA,Asus,ASUS EN210-1GD3-L,NVIDIA,210,1,300
920000,VGA,Asus,ASUS EN210-1GD3-L,NVIDIA,210,1,300
970000,VGA,Gigabyte,Gigabyte GV N210D3-1GI,NVIDIA,210,1,300
970000,VGA,Gigabyte,Gigabyte GV N210D3-1GI,NVIDIA,210,1,300
980000,VGA,Gigabyte,Gigayte N710D3-1GL,NVIDIA,710,1,300
980000,VGA,Gigabyte,Gigayte N710D3-1GL,NVIDIA,710,1,300
1010000,VGA,Asus,ASUS EAH6450 SILENT/DI/1GD3,AMD,6450,1,250
1010000,VGA,Asus,ASUS EAH6450 SILENT/DI/1GD3,AMD,6450,1,250
1010000,VGA,Asus,ASUS GT610-1GD3-L,NVIDIA,610,1,300
1010000,VGA,Asus,ASUS GT610-SL-1GD3-L (64bits),NVIDIA,610,1,300
1010000,VGA,Asus,ASUS GT610-1GD3-L,NVIDIA,610,1,300
1010000,VGA,Asus,ASUS GT610-SL-1GD3-L (64bits),NVIDIA,610,1,300
1090000,VGA,Zotac,ZOTAC GT710 2G DDR3 64bit,NVIDIA,710,2,300
1090000,VGA,Zotac,ZOTAC GT710 2G DDR3 64bit,NVIDIA,710,2,300
1120000,VGA,Gigabyte,Gigabyte GV-N420-2GI,NVIDIA,420,2,300
1120000,VGA,Gigabyte,Gigabyte GV-N420-2GI,NVIDIA,420,2,300
1320000,VGA,Asus,ASUS GT610-SL-2GD3-L,NVIDIA,610,2,300
1320000,VGA,Asus,ASUS GT610-SL-2GD3-L,NVIDIA,610,2,300
1350000,VGA,SAPPHIRE,SAPPHIRE R7 240 2GB DDR3 WITH BOOST,AMD,R7 240,2,300
1390000,VGA,MSI,MSI R7730-1GD3/LP,AMD,7730,1,250
1420000,VGA,Asus,ASUS ENGT430 /DI/1GD3(LP),NVIDIA,430,1,400
1420000,VGA,Asus,ASUS ENGT430 /DI/1GD3(LP),NVIDIA,430,1,400
1490000,VGA,Asus,ASUS GT420-2GD3-DI,NVIDIA,420,2,300
1490000,VGA,Asus,ASUS GT420-2GD3-DI,NVIDIA,420,2,300
1490000,VGA,MSI,MSI N630-2GD3,NVIDIA,630,2,300
1490000,VGA,MSI,MSI N630-2GD3,NVIDIA,630,2,300
1490000,VGA,Zotac,ZOTAC GT730 2G DDR5 64bit Sysnergy Edi Tion,NVIDIA,730,2,300
1490000,VGA,Zotac,ZOTAC GT730 2G DDR5 64bit Sysnergy Edi Tion,NVIDIA,730,2,300
1550000,VGA,Asus,ASUS ENGT630-2GD3,NVIDIA,630,2,300
1550000,VGA,Asus,ASUS ENGT630-2GD3,NVIDIA,630,2,300
1550000,VGA,Gigabyte,Gigabyte GV-N730D5OC-1GI,NVIDIA,730,1,300
1550000,VGA,Asus,ASUS ENGT730-2GD3 (128bits),NVIDIA,730,2,300
1550000,VGA,Asus,ASUS ENGT730-2GD5 (64bits),NVIDIA,730,2,300
1550000,VGA,Asus,ASUS ENGT730-2GD3 (128bits),NVIDIA,730,2,300
1550000,VGA,Asus,ASUS ENGT730-2GD5 (64bits),NVIDIA,730,2,300
1560000,VGA,Asus,ASUS R7 240-2GD3-L (128bits),AMD,R7 240,2,300
1560000,VGA,Asus,ASUS R7 240-2GD3-L (128bits),AMD,R7 240,2,300
1574000,VGA,Zotac,ZOTAC GT730 1G DDR5 64bit Sysnergy Edi Tion,NVIDIA,730,1,300
1574000,VGA,Zotac,ZOTAC GT730 1G DDR5 64bit Sysnergy Edi Tion,NVIDIA,730,1,300
1590000,VGA,MSI,MSI R 7730-1GD5V1,AMD,7730,1,250
1590000,VGA,MSI,MSI R7730-1GD5V1,AMD,7730,1,250
1590000,VGA,MSI,MSI N730-2GD3,NVIDIA,730,2,300
1590000,VGA,MSI,MSI N730K-1GD5/OCV1,NVIDIA,730,1,300
1590000,VGA,MSI,MSI N730-2GD3,NVIDIA,730,2,300
1590000,VGA,MSI,MSI N730K-1GD5/OCV1,NVIDIA,730,1,300
1650000,VGA,Asus,ASUS ENGT630-SL-2GD3-L (64bits),NVIDIA,630,2,300
1650000,VGA,Asus,ASUS ENGT630-SL-2GD3-L (64bits),NVIDIA,630,2,300
1650000,VGA,MSI,MSI N730K-1GD5/OC,NVIDIA,730,1,300
1650000,VGA,MSI,MSI N730K-1GD5/OC,NVIDIA,730,1,300
1690000,VGA,MSI,MSI N730K-2GD5/OCV1,NVIDIA,730,2,300
1690000,VGA,Gigabyte,Gigabyte GV-N730D5-2GI,NVIDIA,730,2,300
1690000,VGA,MSI,MSI N730K-2GD5/OCV1,NVIDIA,730,2,300
1740000,VGA,MSI,MSI R 7730-2GD5,AMD,7730,2,250
1740000,VGA,MSI,MSI R7730-2GD5,AMD,7730,2,250
1750000,VGA,Asus,Asus ENGT630-2GD3-V2 (128bits),NVIDIA,630,2,300
1750000,VGA,Asus,Asus ENGT630-2GD3-V2 (128bits),NVIDIA,630,2,300
1750000,VGA,Zotac,ZOTAC GT730 2G DDR3 128bit Sysnergy Edi Tion,NVIDIA,730,2,300
1750000,VGA,Zotac,ZOTAC GT730 2G DDR3 128bit Sysnergy Edi Tion,NVIDIA,730,2,300
1790000,VGA,Gigabyte,Gigabyte GV-R7 240OC-2GI,AMD,R7 240,2,300
1790000,VGA,Gigabyte,Gigabyte GV-R7 240OC-2GI,AMD,R7 240,2,300
1810000,VGA,Asus,ASUS EAH6670 DC SL /DI/1GD3,AMD,6670,1,250
1810000,VGA,Asus,ASUS EAH6670 DC SL /DI/1GD3,AMD,6670,1,250
1820000,VGA,Asus,ASUS HD6670-2GD3,AMD,6670,2,250
1820000,VGA,Asus,ASUS HD6670-2GD3,AMD,6670,2,250
1854000,VGA,Gigabyte,Gigabyte GV-N730D3-2GI,NVIDIA,730,2,300
1888700,VGA,MSI,MSI R7 240 2GD3 OC,AMD,R7 240,2,300
1990000,VGA,MSI,MSI R7 250 1GD5 OC,AMD,R7 250,1,300
1990000,VGA,MSI,MSI R7 250 1GD5 OC,AMD,R7 250,1,300
1999000,VGA,Asus,ASUS ENGT630-4GD3,NVIDIA,630,4,300
1999000,VGA,Asus,ASUS ENGT630-4GD3,NVIDIA,630,4,300
2089000,VGA,Asus,ASUS EAH6670 /DIS/1GD5,AMD,6670,1,250
2089000,VGA,Asus,ASUS EAH6670 /DIS/1GD5,AMD,6670,1,250
2120000,VGA,Asus,ASUS ENGT640-1GD3-L,NVIDIA,640,1,400
2120000,VGA,Asus,ASUS ENGT640-1GD3-L,NVIDIA,640,1,400
2150000,VGA,Asus,ASUS ENGT630-1GD5,NVIDIA,630,1,300
2150000,VGA,Asus,ASUS ENGT630-1GD5,NVIDIA,630,1,300
2179000,VGA,SAPPHIRE,SAPPHIRE R7 250 1GB GDDR5 WITH BOOST,AMD,R7 250,1,300
2200000,VGA,Zotac,ZOTAC GTX 650 Ti Synergy Edi Tion 1GB DDR5 128bit,NVIDIA,650 Ti,1,400
2200000,VGA,Zotac,ZOTAC GTX 650 Ti Synergy Edi Tion 1GB DDR5 128bit,NVIDIA,650 Ti,1,400
2200000,VGA,Zotac,ZOTAC GT740 Synergy Edi Tion 1GB DDR5 128bit,NVIDIA,740,1,300
2200000,VGA,Zotac,ZOTAC GT740 Synergy Edi Tion 1GB DDR5 128bit,NVIDIA,740,1,300
2220000,VGA,Gigabyte,Gigabyte GV-R7 250 OC-2GI,AMD,R7 250,2,300
2255000,VGA,Gigabyte,Gigabyte GV-R7 250 O5-2GI ,AMD,R7 250,2,300
2255000,VGA,Gigabyte,Gigabyte GV-R7 250 O5-2GI ,AMD,R7 250,2,300
2290000,VGA,MSI,MSI N650 Ti-1GD5/OC V5,NVIDIA,650 Ti,1,400
2290000,VGA,MSI,MSI N650 Ti-1GD5/OC V5,NVIDIA,650 Ti,1,400
2290000,VGA,Gigabyte,Gigabyte GV-N740D3-2GI,NVIDIA,740,2,300
2290000,VGA,Gigabyte,Gigabyte GV-N740D3-2GI,NVIDIA,740,2,300
2299000,VGA,Zotac,ZOTAC GTX 650 Synergy Edi Tion 2GB DDR5 128bit,NVIDIA,650,2,400
2299000,VGA,Zotac,ZOTAC GTX 650 Synergy Edi Tion 2GB DDR5 128bit,NVIDIA,650,2,400
2310000,VGA,Asus,ASUS ENGT640-2GD3,NVIDIA,640,2,400
2310000,VGA,Asus,ASUS ENGT640-2GD3,NVIDIA,640,2,400
2329000,VGA,SAPPHIRE,SAPPHIRE R7 240 4GB DDR3 WITH BOOST,AMD,R7 240,4,300
2349000,VGA,Gigabyte,Gigabyte GV R7 250 O5-2GI,AMD,R7 250,2,300
2349000,VGA,Gigabyte,Gigabyte GV R7 250O5-2GI,AMD,R7 250,2,300
2370000,VGA,Asus,ASUS R7 250-1GD5 (128bits),AMD,R7 250,1,300
2370000,VGA,Asus,ASUS R7 250-1GD5 (128bits),AMD,R7 250,1,300
2390000,VGA,Asus,ASUS HD7750-1GD5-V2,AMD,7750,1,250
2390000,VGA,Asus,ASUS HD7750-1GD5-V2,AMD,7750,1,250
2399000,VGA,MSI,MSI N650-1GD5/OCV1,NVIDIA,650,1,400
2440000,VGA,MSI,MSI N740-1GD5,NVIDIA,740,1,300
2440000,VGA,MSI,MSI N740-1GD5,NVIDIA,740,1,300
2490000,VGA,Gigabyte,Gigabyte GV R7 250XOC-1GD,AMD,R7 250X,1,300
2490000,VGA,Gigabyte,Gigabyte GV R7 250 XOC-1GD,AMD,R7 250,1,300
2490000,VGA,MSI,MSI R7 260 1GD5 OC,AMD,R7 260,1,300
2490000,VGA,MSI,MSI R7 260 1GD5 OC,AMD,R7 260,1,300
2490000,VGA,Asus,ASUS GT740-OC-2GD5 (128bits ),NVIDIA,740,2,300
2490000,VGA,Asus,ASUS GT740-OC-2GD5 (128bits ),NVIDIA,740,2,300
2550000,VGA,Asus,ASUS HD7750-T-1GD5,AMD,7750,1,250
2550000,VGA,Zotac,ZOTAC GTX 750 Ti 2GB DDR5 128 bit,NVIDIA,750 Ti,2,450
2550000,VGA,Zotac,ZOTAC GTX 750 Ti 2GB DDR5 128 bit,NVIDIA,750 Ti,2,450
2590000,VGA,Gigabyte,Gigabyte GV-N740D5OC-1GI,NVIDIA,740,1,300
2620000,VGA,MSI,MSI N740-2GD5,NVIDIA,740,2,300
2620000,VGA,MSI,MSI N740-2GD5,NVIDIA,740,2,300
2620000,VGA,MSI,MSI N750 1GD5/OCV1,NVIDIA,750,1,450
2620000,VGA,MSI,MSI N750 1GD5/OCV1,NVIDIA,750,1,450
2680000,VGA,Zotac,ZOTAC GTX 750 1GB DDR5 128bit,NVIDIA,750,1,450
2680000,VGA,Zotac,ZOTAC GTX 750 1GB DDR5 128bit,NVIDIA,750,1,450
2690000,VGA,Zotac,ZOTAC GTX 750 Ti 1GB DDR5 128bit,NVIDIA,750 Ti,1,450
2690000,VGA,Zotac,ZOTAC GTX 750 Ti 1GB DDR5 128bit,NVIDIA,750 Ti,1,450
2710000,VGA,MSI,MSI Radeon RX 460 2GOC,AMD,RX 460,2,300
2710000,VGA,MSI,MSI Radeon RX 460 2GOC,AMD,RX 460,2,300
2730000,VGA,Asus,ASUS R7 250X-1GD5 (128 bits),AMD,R7 250X,1,300
2730000,VGA,Asus,ASUS R7 250X-1GD5 (128 bits),AMD,R7 250X,1,300
2750000,VGA,Asus,ASUS GTX 650-E-1GD5 (128bits),NVIDIA,650,1,400
2750000,VGA,Asus,ASUS GTX 650-E-1GD5 (128bits),NVIDIA,650,1,400
2750000,VGA,Gigabyte,Gigabyte GV-N740D5OC-2GI,NVIDIA,740,2,300
2799000,VGA,Gigabyte,Gigabyte GV R7 250XOC-2GI,AMD,R7 250X,2,300
2799000,VGA,Gigabyte,Gigabyte GV R7 250 XOC-2GI,AMD,R7 250,2,300
2850000,VGA,Asus,ASUS GTX 650-DC-1GD5,NVIDIA,650,1,400
2850000,VGA,Asus,ASUS GTX 650-DC-1GD5,NVIDIA,650,1,400
2900000,VGA,Zotac,ZOTAC GTX 750 2GB DDR5 128bit,NVIDIA,750,2,450
2900000,VGA,Zotac,ZOTAC GTX 750 2GB DDR5 128bit,NVIDIA,750,2,450
2900000,VGA,MSI,MSI MSI N750 Ti 1GD5/OC V1,NVIDIA,750 Ti,1,450
2900000,VGA,MSI,MSI MSI N750 Ti 1GD5/OC V1,NVIDIA,750 Ti,1,450
2950000,VGA,Asus,ASUS R7 260 X-DC2OC-1GD5 (128bits ),AMD,R7 260,1,300
2950000,VGA,Asus,ASUS R7 260X-DC2OC-1GD5 (128bits ),AMD,R7 260X,1,300
2950000,VGA,Asus,ASUS GTX 750 Ti-OC-2GD5 (128 bits ),NVIDIA,750 Ti,2,450
2950000,VGA,Asus,ASUS GTX 750 Ti-OC-2GD5 (128 bits ),NVIDIA,750 Ti,2,450
2970000,VGA,MSI,MSI R7 360 2GD5 2GB GDDR5 OC,AMD,R7 360,2,300
2970000,VGA,MSI,MSI R7 360 2GD5 2GB GDDR5 OC,AMD,R7 360,2,300
2990000,VGA,Asus,ASUS HD7770-1GD5(128bits) ,AMD,7770,1,250
2990000,VGA,Asus,ASUS HD7770-1GD5(128bits) ,AMD,7770,1,250
2990000,VGA,MSI,MSI R7 260 X 2GD5 OC,AMD,R7 260,2,300
2990000,VGA,MSI,MSI R7 260 X 2GD5 OC,AMD,R7 260,2,300
2990000,VGA,Asus,Asus R7 260 X-DC2OC-2GD5,AMD,R7 260,2,300
2990000,VGA,Asus,Asus R7 260X-DC2OC-2GD5,AMD,R7 260X,2,300
2990000,VGA,MSI,MSI N750-2GD5/OCV1,NVIDIA,750,2,450
2990000,VGA,MSI,MSI N750-2GD5/OCV1,NVIDIA,750,2,450
2999000,VGA,Gigabyte,Gigabyte GV-R7 26XOC-1GD,AMD,R7 26X,1,300
2999000,VGA,Gigabyte,Gigabyte GV-R7 26XOC-1GD,AMD,R7 26X,1,300
3050000,VGA,Gigabyte,Gigabyte GV-N750OC-1GI,NVIDIA,750,1,450
3050000,VGA,Gigabyte,Gigabyte GV N750 TiD5-2GI,NVIDIA,750 Ti,2,450
3050000,VGA,Gigabyte,Gigabyte GV N750 TiD5-2GI,NVIDIA,750 Ti,2,450
3090000,VGA,MSI,MSI N750 Ti 2GD5/OCV1,NVIDIA,750 Ti,2,450
3090000,VGA,MSI,MSI N750 Ti 2GD5/OCV1,NVIDIA,750 Ti,2,450
3130000,VGA,Asus,ASUS HD7770-DC-1GD5-V2,AMD,7770,1,250
3130000,VGA,Asus,ASUS HD7770-DC-1GD5-V2,AMD,7770,1,250
3130000,VGA,Asus,ASUS STRIX GTX 750 Ti-OC-2GD5 GAMING (128bits) ,NVIDIA,750 Ti,2,450
3130000,VGA,Asus,ASUS STRIX GTX 750 Ti-OC-2GD5 GAMING (128bits) ,NVIDIA,750 Ti,2,450
3190000,VGA,Asus,ASUS R7360-OC-2GD5(128 bits),AMD,7360,2,250
3190000,VGA,Asus,ASUS R7 360-OC-2GD5(128 bits),AMD,R7 360,2,300
3190000,VGA,Gigabyte,Gigabyte Radeon RX 460 WINDFORCE OC 2G (GV-RX 460WF2OC-2GD),AMD,RX 460,2,300
3190000,VGA,Gigabyte,Gigabyte Radeon RX 460 WINDFORCE OC 2G (GV-RX 460WF2OC-2GD),AMD,RX 460,2,300
3250000,VGA,Gigabyte,Gigabyte GV-N750 TiOC2-2GI,NVIDIA,750 Ti,2,450
3259000,VGA,SAPPHIRE,SAPPHIRE R7 260 X 2GB GDDR5 OC,AMD,R7 260,2,300
3290000,VGA,Asus,ASUS GTX 750-PHOC-1GD5(128bits),NVIDIA,750,1,450
3290000,VGA,Asus,ASUS GTX 750-PHOC-1GD5(128bits),NVIDIA,750,1,450
3300000,VGA,Gigabyte,Gigabyte GV-R7 26XWF2-2GD,AMD,R7 26X,2,300
3350000,VGA,Asus,ASUS R7 260 X-OC-2GD5,AMD,R7 260,2,300
3350000,VGA,Asus,ASUS R7 260X-OC-2GD5,AMD,R7 260X,2,300
3390000,VGA,MSI,MSI GEFORCE GTX 1050 2GT OC,NVIDIA,1050,2,400
3390000,VGA,MSI,MSI GEFORCE GTX 1050 2GT OC,NVIDIA,1050,2,400
3390000,VGA,Asus,ASUS GTX 750-PHOC -2GD5(128bits),NVIDIA,750,2,450
3390000,VGA,Asus,ASUS GTX 750-PHOC -2GD5(128bits),NVIDIA,750,2,450
3399000,VGA,Gigabyte,Gigabyte GV R7 260XOC-2GD,AMD,R7 260X,2,300
3399000,VGA,Gigabyte,Gigabyte GV R7 26XOC-2GD,AMD,R7 26X,2,300
3499000,VGA,MSI,MSI N750 TF 1GD5/OC,NVIDIA,750,1,450
3590000,VGA,Asus,Asus Dual RX 460 OC 2GB,AMD,RX 460,2,300
3590000,VGA,Asus,Asus Dual RX 460 OC 2GB,AMD,RX 460,2,300
3590000,VGA,Gigabyte,Gigabyte GeForce GTX 1050 D5 2G (GV-N1050D5-2GD),NVIDIA,1050,2,400
3590000,VGA,Gigabyte,Gigabyte GeForce GTX 1050 D5 2G (GV-N1050D5-2GD),NVIDIA,1050,2,400
3590000,VGA,Quadro,NVIDIA Quadro 410 512MB GDDR3 64Bit,Quadro,410,0.5,400
3590000,VGA,Quadro,NVIDIA Quadro 410,Quadro,410,0.5,400
3600000,VGA,Asus,ASUS HD7790-DC2OC-1GD5,AMD,7790,1,250
3600000,VGA,Asus,ASUS HD7790-DC2OC-1GD5,AMD,7790,1,250
3650000,VGA,Gigabyte,Gigabyte RX 460 WINDFORCE OC 4G (GV-RX 460WF2OC-4GD),AMD,RX 460,4,300
3650000,VGA,Gigabyte,Gigabyte RX 460 WINDFORCE OC 4G (GV-RX 460WF2OC-4GD),AMD,RX 460,4,300
3650000,VGA,Zotac,ZOTAC GTX 950 2GB Low Power,NVIDIA,950,2,400
3650000,VGA,Zotac,ZOTAC GTX 950 2GB Low Power,NVIDIA,950,2,400
3650000,VGA,Quadro,NVIDIA Quadro K420 1GB GDDR3 128Bit,Quadro,K420,1,400
3745000,VGA,MSI,MSI N750 Ti TF 2GD5/OC,NVIDIA,750 Ti,2,450
3745000,VGA,MSI,MSI N750 Ti TF 2GD5/OC,NVIDIA,750 Ti,2,450
3750000,VGA,Gigabyte,Gigabyte GV-950D5-2GD GTX 950 không dùng nguồn phụ,NVIDIA,950,2,400
3799000,VGA,Asus,ASUS STRIX RX 460-O4G GAMING (128 bits),AMD,RX 460,4,300
3799000,VGA,Asus,ASUS STRIX RX 460-O4G GAMING (128 bits),AMD,RX 460,4,300
3799000,VGA,MSI,MSI GTX 950 2GD5 OCV2 Low power,NVIDIA,950,2,400
3799000,VGA,MSI,MSI GTX 950 2GD5 OCV2 Low power,NVIDIA,950,2,400
3890000,VGA,Gigabyte,Gigabyte GV-950 OC-2GD,NVIDIA,950,2,400
3910000,VGA,Gigabyte,Gigabyte GV-N750 TiOC-2GI,NVIDIA,750 Ti,2,450
3980000,VGA,MSI,MSI R7 370 2GD5T 2GB GDDR5 256Bit OC,AMD,R7 370,2,300
3980000,VGA,MSI,MSI R7 370 2GD5T 2GB GDDR5 256Bit OC,AMD,R7 370,2,300
3990000,VGA,Asus,ASUS STRIX R7 370-DC2OC-2GD5-GAMING-SAP(256 bits),AMD,R7 370,2,300
3990000,VGA,Asus,ASUS STRIX R7 370-DC2OC-2GD5-GAMING-SAP(256 bits),AMD,R7 370,2,300
3990000,VGA,MSI,MSI R9 270 Gaming 2G,AMD,R9 270,2,300
3990000,VGA,MSI,MSI R9 270 Gaming 2G,AMD,R9 270,2,300
3990000,VGA,Gigabyte,Gigabyte GeForce GTX 1050 OC 2G (GV-N1050OC-2GD),NVIDIA,1050,2,400
3990000,VGA,Gigabyte,Gigabyte GeForce GTX 1050 OC 2G (GV-N1050OC-2GD),NVIDIA,1050,2,400
3990000,VGA,Gigabyte,Gigabyte GV-N750 TiWF2OC-4GI,NVIDIA,750 Ti,4,450
3990000,VGA,MSI,MSI GTX 950 2GD5T OC 2GB GDDR5,NVIDIA,950,2,400
3990000,VGA,MSI,MSI GTX 950 2GD5T OC 2GB GDDR5,NVIDIA,950,2,400
4050000,VGA,MSI,MSI GTX 1050 GAMING X 2G,NVIDIA,1050,2,400
4050000,VGA,MSI,MSI GTX 1050 GAMING X 2G,NVIDIA,1050,2,400
4087000,VGA,Zotac,ZOTAC GTX 660 2GB GDDR5 192 bit,NVIDIA,660,2,450
4087000,VGA,Zotac,ZOTAC GTX 660 2GB GDDR5 192 bit,NVIDIA,660,2,450
4090000,VGA,Gigabyte,Gigabyte GeForce GTX 1050 Windforce OC 2G (GV-N1050WF2OC-2GD),NVIDIA,1050,2,400
4090000,VGA,Gigabyte,Gigabyte GeForce GTX 1050 Windforce OC 2G (GV-N1050WF2OC-2GD),NVIDIA,1050,2,400
4090000,VGA,Asus,ASUS GTX 950-OC-2GD5,NVIDIA,950,2,400
4090000,VGA,Asus,ASUS GTX 950-OC-2GD5,NVIDIA,950,2,400
4129000,VGA,SAPPHIRE,SAPPHIRE DUAL-X R7 265 2GB GDDR5,AMD,R7 265,2,300
4150000,VGA,MSI,MSI GEFORCE GTX 1050 Ti 4GT OC,NVIDIA,1050 Ti,4,400
4150000,VGA,MSI,MSI GEFORCE GTX 1050 Ti 4GT OC,NVIDIA,1050 Ti,4,400
4150000,VGA,Zotac,ZOTAC GTX 950 2GB Single Fan,NVIDIA,950,2,400
4150000,VGA,Zotac,ZOTAC GTX 950 2GB Single Fan,NVIDIA,950,2,400
4150000,VGA,Gigabyte,Gigabyte GV-950 WF2OC-2GD,NVIDIA,950,2,400
4200000,VGA,Zotac,ZOTAC Geforce GTX 950 OC 2GB DDR5 128 bit - 2 Fan,NVIDIA,950,2,400
4200000,VGA,Zotac,ZOTAC Geforce GTX 950 OC 2GB DDR5 128 bit - 2 Fan,NVIDIA,950,2,400
4210000,VGA,MSI,MSI R7 370 GAMING 2G ,AMD,R7 370,2,300
4210000,VGA,MSI,MSI R7 370 GAMING 2G ,AMD,R7 370,2,300
4375000,VGA,Gigabyte,Gigabyte GV-R9 27OC-2GD,AMD,R9 27,2,300
4375000,VGA,Gigabyte,Gigabyte GV-R9 27OC-2GD,AMD,R9 27,2,300
4399000,VGA,Gigabyte,Gigabyte GV-R7 265WF2OC-2GD,AMD,R7 265,2,300
4490000,VGA,Gigabyte,Gigabyte GeForce GTX 1050 G1 Gaming 2GB (GV-N1050 G1 GAMING-2GD),NVIDIA,1050,2,400
4490000,VGA,Gigabyte,Gigabyte GeForce GTX 1050 G1 Gaming 2GB (GV-N1050 G1 GAMING-2GD),NVIDIA,1050,2,400
4590000,VGA,Asus,ASUS STRIX GTX 950-DC2OC-2GD5 Gaming,NVIDIA,950,2,400
4590000,VGA,Asus,ASUS STRIX GTX 950-DC2OC-2GD5 Gaming,NVIDIA,950,2,400
4650000,VGA,MSI,MSI GEFORCE GTX 1050 Ti GAMING X 4G,NVIDIA,1050 Ti,4,400
4650000,VGA,MSI,MSI GEFORCE GTX 1050 Ti GAMING X 4G,NVIDIA,1050 Ti,4,400
4650000,VGA,Gigabyte,Gigabyte GV-950 XTREME-2GD,NVIDIA,950,2,400
4650000,VGA,Quadro,NVIDIA Quadro K620 2GB GDDR3 128Bit,Quadro,K620,2,400
4680000,VGA,Zotac,ZOTAC GTX 950 AMP 2GB DDR5 128 bit- 2 Fan,NVIDIA,950,2,400
4680000,VGA,Zotac,ZOTAC GTX 950 AMP 2GB DDR5 128 bit- 2 Fan,NVIDIA,950,2,400
4700000,VGA,Asus,ASUS EXPEDI TiON GTX 1050 Ti,NVIDIA,1050 Ti,4,400
4700000,VGA,Asus,ASUS EXPEDI TiON GTX 1050 Ti,NVIDIA,1050 Ti,4,400
4790000,VGA,Gigabyte,Gigabyte GeForce GTX 1050 Ti OC 4G (GV-N105TOC-4GD),NVIDIA,1050 Ti,4,400
4790000,VGA,Gigabyte,Gigabyte GeForce GTX 1050 Ti Windforce OC 4G (GV-N105TWF2OC-4GD),NVIDIA,1050 Ti,4,400
4790000,VGA,Gigabyte,Gigabyte GeForce GTX 1050 Ti OC 4G (GV-N105TOC-4GD),NVIDIA,1050 Ti,4,400
4790000,VGA,Gigabyte,Gigabyte GeForce GTX 1050 Ti Windforce OC 4G (GV-N105TWF2OC-4GD),NVIDIA,1050 Ti,4,400
4890000,VGA,,NVIDIA Quadro K600,Quadro,K600,1,400
4890000,VGA,Quadro,NVIDIA Quadro K600 1GB GDDR3 128Bit,Quadro,K600,1,400
4950000,VGA,Zotac,ZOTAC GTX 960 2GB GDDR5 128 bit,NVIDIA,960,2,500
4950000,VGA,Zotac,ZOTAC GTX 960 2GB GDDR5 128 bit,NVIDIA,960,2,500
4990000,VGA,MSI,MSI R9 270 X GAMING 2G ITX,AMD,R9 270,2,300
4990000,VGA,MSI,MSI R9 270 X Gaming 2G,AMD,R9 270,2,300
4990000,VGA,MSI,MSI R9 270 X GAMING 2G ITX,AMD,R9 270,2,300
4990000,VGA,MSI,MSI R9 270 X Hawk,AMD,R9 270,2,300
4990000,VGA,MSI,MSI R9 280 GAMING 3G,AMD,R9 280,3,450
4990000,VGA,MSI,MSI R9 280 GAMING 3G,AMD,R9 280,3,450
5090000,VGA,Gigabyte,Gigabyte GeForce GTX 1050 Ti G1 Gaming 4G (GV-N105TG1 GAMING-4GD),NVIDIA,1050 Ti,4,400
5090000,VGA,Gigabyte,Gigabyte GeForce GTX 1050 Ti G1 Gaming 4G (GV-N105TG1 GAMING-4GD),NVIDIA,1050 Ti,4,400
5150000,VGA,Gigabyte,Gigabyte GV-960 OC-2GD,NVIDIA,960,2,500
5210000,VGA,Zotac,ZOTAC GTX 960 4GB GDDR5 128 bit,NVIDIA,960,4,500
5210000,VGA,Zotac,ZOTAC GTX 960 4GB GDDR5 128 bit,NVIDIA,960,4,500
5250000,VGA,MSI,MSI GTX 960 2GD5T OC - Tiger White,NVIDIA,960,2,500
5250000,VGA,Asus,ASUS TURBO GTX 960 OC 4GD5 - GTX 960 4GB GDDR5,NVIDIA,960,4,500
5250000,VGA,MSI,MSI GTX 960 2GD5T OC - Tiger White,NVIDIA,960,2,500
5260000,VGA,Asus,ASUS HD7850-DC2-2GD5-V2,AMD,7850,2,500
5260000,VGA,Asus,ASUS HD7850-DC2-2GD5-V2,AMD,7850,2,500
5430000,VGA,MSI,MSI R9 380 2GD5T 2GB GDDR5 OC,AMD,R9 380,2,450
5430000,VGA,MSI,MSI R9 380 2GD5T 2GB GDDR5 OC,AMD,R9 380,2,450
5450000,VGA,Asus,ASUS HD7870-DC2-2GD5 V2,AMD,7870,2,500
5450000,VGA,Asus,ASUS HD7870-DC2-2GD5 V2,AMD,7870,2,500
5450000,VGA,Zotac,Zotac GTX 960 AMP edi Tion 2GB DDR5 128 bit,NVIDIA,960,2,500
5450000,VGA,Zotac,Zotac GTX 960 AMP edi Tion 2GB DDR5 128 bit,NVIDIA,960,2,500
5469000,VGA,Gigabyte,Gigabyte GV-960IXOC-2GD - GTX 960,NVIDIA,960,2,500
5469000,VGA,Gigabyte,Gigabyte GV-960IXOC-2GD - GTX 960,NVIDIA,960,2,500
5550000,VGA,Gigabyte,Gigabyte GV-960WF2OC-2GD,NVIDIA,960,2,500
5555000,VGA,MSI,MSI R9 380 GAMING 2G GDDR5,AMD,R9 380,2,450
5555000,VGA,MSI,MSI R9 380 GAMING 2G GDDR5,AMD,R9 380,2,450
5570000,VGA,Asus,ASUS HD7850-DC2T-2GD5-V2,AMD,7850,2,500
5570000,VGA,Asus,ASUS HD7850-DC2T-2GD5-V2,AMD,7850,2,500
5580000,VGA,MSI,MSI Radeon RX 470 GamingX 4G,AMD,RX 470,4,300
5580000,VGA,MSI,MSI Radeon RX 470 GamingX 4G,AMD,RX 470,4,300
5580000,VGA,MSI,MSI N760 2GD5/OC ITX,NVIDIA,760,2,500
5580000,VGA,MSI,MSI N760 2GD5/OC ITX,NVIDIA,760,2,500
5599000,VGA,Gigabyte,Gigabyte GV-R9 270XOC-2GD,AMD,R9 270X,2,300
5599000,VGA,Gigabyte,Gigabyte GV-R9 270XOC-2GD,AMD,R9 270X,2,300
5650000,VGA,MSI,MSI GTX 960 GAMING 2G ( 128Bit) GDDR5 PCIExpress 2.0 ( 16X),NVIDIA,960,2,500
5699000,VGA,MSI,MSI GTX 960 4GD5T OC,NVIDIA,960,4,500
5699000,VGA,MSI,MSI GTX 960 4GD5T OC,NVIDIA,960,4,500
5730000,VGA,Asus,ASUS STRIX RX 470-O4G-GAMING,AMD,RX 470,4,300
5730000,VGA,Asus,ASUS STRIX RX 470-O4G-GAMING,AMD,RX 470,4,300
5750000,VGA,Gigabyte,Gigabyte GV-960OC-4GD,NVIDIA,960,4,500
5790000,VGA,MSI,MSI N760 TF 2GD5/OC,NVIDIA,760,2,500
5790000,VGA,MSI,MSI N760 TF 2GD5/OC,NVIDIA,760,2,500
5800000,VGA,Asus,ASUS STRIX GTX 960-DC2OC-4GD5 GAMING (128 bits),NVIDIA,960,4,500
5800000,VGA,Asus,ASUS STRIX GTX 960-DC2OC-4GD5 GAMING (128 bits),NVIDIA,960,4,500
5890000,VGA,Asus,ASUS STRIX R9 380-DC2OC-2GD5-GAMING (256 bits),AMD,R9 380,2,450
5890000,VGA,Asus,ASUS STRIX R9 380-DC2OC-2GD5-GAMING (256 bits),AMD,R9 380,2,450
5890000,VGA,MSI,MSI GTX 1060 3GT OC Tiger,NVIDIA,1060,3,450
5890000,VGA,MSI,MSI GTX 1060 3GT OC Tiger,NVIDIA,1060,3,450
5890000,VGA,Gainward,Gainward GTX 960 OC 2GB GDDR5,NVIDIA,960,2,500
5900000,VGA,Zotac, ‎ZOTAC GeForce GTX 760 ZALMAN 2GB DDR5 256 bit,NVIDIA,760,2,500
5900000,VGA,Zotac, ‎ZOTAC GeForce GTX 760 ZALMAN 2GB DDR5 256 bit,NVIDIA,760,2,500
5990000,VGA,Gigabyte,Gigabyte RX 470 G1 GAMING-4GD (GV-RX 470 G1 GAMING-4GD),AMD,RX 470,4,300
5990000,VGA,Gigabyte,Gigabyte RX 470 G1 GAMING-4GD (GV-RX 470 G1 GAMING-4GD),AMD,RX 470,4,300
5999000,VGA,Gigabyte,Gigabyte GeForce GTX 1060 G1 Gaming 3gb (GV-N1060 G1 GAMING-3GD),NVIDIA,1060,3,450
5999000,VGA,Gigabyte,Gigabyte GeForce GTX 1060 G1 Gaming 3gb (GV-N1060 G1 GAMING-3GD),NVIDIA,1060,3,450
6090000,VGA,Gainward,Gainward GTX 960 Phantom 2GB GDDR5,NVIDIA,960,2,500
6200000,VGA,Gigabyte,Gigabyte GTX 1060 WINDFORCE OC 3G (GV-N1060WF2OC-3GD),NVIDIA,1060,3,450
6200000,VGA,Gigabyte,Gigabyte GTX 1060 WINDFORCE OC 3G (GV-N1060WF2OC-3GD),NVIDIA,1060,3,450
6250000,VGA,Asus,ASUS STRIX GTX 960-DC2OC-2GD5 GAMING,NVIDIA,960,2,500
6250000,VGA,Asus,ASUS STRIX GTX 960-DC2OC-2GD5 GAMING,NVIDIA,960,2,500
6290000,VGA,Gigabyte,Gigabyte GV-960 G1 GAMING-2GD,NVIDIA,960,2,500
6340000,VGA,MSI,MSI GTX 960 GAMING 2GB GDDR5 100 ME Million Edi Tion,NVIDIA,960,2,500
6340000,VGA,MSI,MSI GTX 960 GAMING 2GB GDDR5 100 ME Million Edi Tion,NVIDIA,960,2,500
6350000,VGA,Gigabyte,Gigabyte GV-N660TWF2-2GD,NVIDIA,660,2,450
6350000,VGA,Gigabyte,Gigabyte GV-N660 TiWF2-2GD,NVIDIA,660 Ti,2,450
6390000,VGA,MSI,MSI Radeon RX 470 GamingX 8G,AMD,RX 470,8,300
6390000,VGA,MSI,MSI Radeon RX 470 GamingX 8G,AMD,RX 470,8,300
6455000,VGA,MSI,MSI R9 380 GAMING 4G GDDR5,AMD,R9 380,4,450
6455000,VGA,MSI,MSI R9 380 GAMING 4G GDDR5,AMD,R9 380,4,450
6490000,VGA,Gigabyte,Gigabyte GV-N760OC-2GD,NVIDIA,760,2,500
6490000,VGA,Gigabyte,Gigabyte GV-N760OC-2GD,NVIDIA,760,2,500
6490000,VGA,Gainward,Gainward GTX 960 Phantom GLH 2GB GDDR5,NVIDIA,960,2,500
6520000,VGA,Gigabyte,Gigabyte GV-R9 270XOC-4GD,AMD,R9 270X,4,300
6520000,VGA,Gigabyte,Gigabyte GV-R9 270XOC-4GD,AMD,R9 270X,4,300
6550000,VGA,Gigabyte,Gigabyte GV-960WF2OC-4GD GTX 960 4GB GDDR5,NVIDIA,960,4,500
6550000,VGA,Gigabyte,Gigabyte GV-960 G1 GAMING-4GD,NVIDIA,960,4,500
6600000,VGA,MSI,MSI GTX 960 GAMING 4G,NVIDIA,960,4,500
6600000,VGA,MSI,MSI GTX 960 GAMING 4G,NVIDIA,960,4,500
6640000,VGA,MSI,MSI GTX 960 100 Million Edi Tion,NVIDIA,960,4,500
6640000,VGA,MSI,MSI GTX 960 100 Million Edi Tion,NVIDIA,960,2,500
6690000,VGA,MSI,MSI GTX 1060 6GT OC Tiger,NVIDIA,1060,6,450
6690000,VGA,MSI,MSI GTX 1060 6GT OC Tiger,NVIDIA,1060,6,450
6880000,VGA,Asus,ASUS ENGTX 570 DCII/2DIS/1280MD5,NVIDIA,570,2,400
6890000,VGA,MSI,MSI GTX 1060 GAMING X 3G,NVIDIA,1060,3,450
6890000,VGA,MSI,MSI GTX 1060 GAMING X 3G,NVIDIA,1060,3,450
6900000,VGA,Zotac,ZOTAC GeForce GTX 970 4GB GDDR5 256Bit,NVIDIA,970,4,600
6900000,VGA,Zotac,ZOTAC GeForce GTX 970 4GB GDDR5 256Bit,NVIDIA,970,4,600
6980000,VGA,Asus,ASUS STRIX-R9 380-DC2OC-4GD5-GAMING (256 bits),AMD,R9 380,4,450
6980000,VGA,Asus,ASUS STRIX-R9 380-DC2OC-4GD5-GAMING (256 bits),AMD,R9 380,4,450
7090000,VGA,Gigabyte,Gigabyte GeForce GTX 960 G1 Gaming,NVIDIA,960,4,500
7090000,VGA,Gigabyte,Gigabyte GeForce GTX 960 G1 Gaming,NVIDIA,960,4,500
7099000,VGA,Gigabyte,Gigabyte RX 480 G1 GAMING-4GD (GV-RX 480 G1 GAMING-4GD),AMD,RX 480,4,450
7099000,VGA,Gigabyte,Gigabyte RX 480 G1 GAMING-4GD (GV-RX 480 G1 GAMING-4GD),AMD,RX 480,4,450
7350000,VGA,Gigabyte,Gigabyte GV R9 280WF3OC-3GD,AMD,R9 280,3,450
7350000,VGA,Gigabyte,Gigabyte GV R9 280WF3OC-3GD,AMD,R9 280,3,450
7390000,VGA,MSI,MSI GTX 1060 ARMOR 6G OC (Black &amp;amp;amp;amp; White),NVIDIA,1060,6,450
7390000,VGA,MSI,MSI GTX 1060 ARMOR 6G OC (Black &amp;amp;amp;amp; White),NVIDIA,1060,6,450
7490000,VGA,Gigabyte,Gigabyte GTX 1060 WINDFORCE OC 6G (GV-N1060WF2OC-6GD),NVIDIA,1060,6,450
7490000,VGA,Gigabyte,Gigabyte GTX 1060 WINDFORCE OC 6G (GV-N1060WF2OC-6GD),NVIDIA,1060,6,450
7550000,VGA,Zotac,ZOTAC GTX 1060 Edi Tion AMP 6GB DDR5 192bit,NVIDIA,1060,6,450
7550000,VGA,Zotac,ZOTAC GTX 1060 Edi Tion AMP 6GB DDR5 192bit,NVIDIA,1060,6,450
7690000,VGA,Asus,ASUS HD7950-DC2T-3GD5-V2,AMD,7950,3,600
7690000,VGA,Asus,ASUS HD7950-DC2T-3GD5-V2,AMD,7950,3,600
7690000,VGA,Asus,ASUS DUAL-GTX 1060-6G,NVIDIA,1060,6,450
7690000,VGA,Asus,ASUS DUAL-GTX 1060-6G,NVIDIA,1060,6,450
7690000,VGA,MSI,MSI GTX 970 4GD5T OC,NVIDIA,970,4,600
7690000,VGA,MSI,MSI GTX 970 4GD5T OC,NVIDIA,970,4,600
7800000,VGA,MSI,MSI GTX 970 GAMING 4G GDDR5 PCIeXpress 3.0,NVIDIA,970,4,600
7800000,VGA,Zotac,ZOTAC GeForce GTX 970 4G AMP! Omega Core Edi Tion,NVIDIA,970,4,600
7800000,VGA,MSI,MSI GTX 970 GAMING 4G GDDR5 PCIeXpress 3.0,NVIDIA,970,4,600
7800000,VGA,Zotac,ZOTAC GeForce GTX 970 4G AMP! Omega Core Edi Tion,NVIDIA,970,4,600
7880000,VGA,MSI,MSI Radeon RX 480 8G,AMD,RX 480,8,450
7880000,VGA,MSI,MSI Radeon RX 480 8G,AMD,RX 480,8,450
7890000,VGA,Gigabyte,Gigabyte RX 480 G1 GAMING-8GD (GV-RX 480 G1 GAMING-8GD),AMD,RX 480,8,450
7890000,VGA,Gigabyte,Gigabyte RX 480 G1 GAMING-8GD (GV-RX 480 G1 GAMING-8GD),AMD,RX 480,8,450
7890000,VGA,MSI,MSI GTX 1060 GAMING X 6G,NVIDIA,1060,6,450
7890000,VGA,MSI,MSI GTX 1060 GAMING X 6G,NVIDIA,1060,6,450
7898000,VGA,Gigabyte,Gigabyte GV-RX 480D5-8GD-B (GV-RX 480D5-8GD-B),AMD,RX 480,8,450
7898000,VGA,Gigabyte,Gigabyte GV-RX 480D5-8GD-B (GV-RX 480D5-8GD-B),AMD,RX 480,8,450
7900000,VGA,Gainward,Gainward GeForce GTX 770 2GB GDDR5 256bit Golden Sample,NVIDIA,770,2,600
7990000,VGA,Gigabyte,Gigabyte GeForce GTX 1060 G1 Gaming 6gb (GV-N1060 G1 GAMING-6GD),NVIDIA,1060,6,450
7990000,VGA,Gigabyte,Gigabyte GeForce GTX 1060 G1 Gaming 6gb (GV-N1060 G1 GAMING-6GD),NVIDIA,1060,6,450
7990000,VGA,MSI,MSI N780 TF 3GD5/OC,NVIDIA,780,3,700
7990000,VGA,MSI,MSI N780 TF 3GD5/OC,NVIDIA,780,3,700
8290000,VGA,Gainward,Gainward GeForce GTX 770 Phantom 2GB GDDR5 256 Bit,NVIDIA,770,2,600
8590000,VGA,Zotac,ZOTAC GTX 970 4G AMP! Extreme 4GB GDDR5 256Bit,NVIDIA,970,4,600
8590000,VGA,Zotac,ZOTAC GTX 970 4G AMP! Extreme 4GB GDDR5 256Bit,NVIDIA,970,4,600
8690000,VGA,Asus,ASUS STRIX-RX 480-O8G-GAMING,AMD,RX 480,8,450
8690000,VGA,Gigabyte,Gigabyte GTX 1060 XTREME GAMING 6GB (GV-N1060 XTREME-6GD),NVIDIA,1060,6,450
8690000,VGA,Gigabyte,Gigabyte GTX 1060 XTREME GAMING 6GB (GV-N1060 XTREME-6GD),NVIDIA,1060,6,450
8799000,VGA,,MSI R9 290 GAMING 4G,AMD,R9 290,4,450
8930000,VGA,Gigabyte,Gigabyte GV-R9 280XOC-3GD,AMD,R9 280X,3,450
8930000,VGA,Gigabyte,Gigabyte GV-R9 280XOC-3GD,AMD,R9 280X,3,450
8950000,VGA,Quadro,NVIDIA Quadro K1200 4GB GDDR5 128 Bit,Quadro,K1200,4,400
8990000,VGA,Asus,ASUS GeForce GTX 1060 6GB ROG STRIX,NVIDIA,1060,6,450
8990000,VGA,Asus,ASUS GeForce GTX 1060 6GB ROG STRIX,NVIDIA,1060,6,450
8990000,VGA,Gigabyte,Gigabyte GV-970 XTREME-4GD,NVIDIA,970,4,600
8990000,VGA,Gigabyte,Gigabyte GV-970 XTREME-4GD,NVIDIA,970,4,600
8999000,VGA,Zotac,ZOTAC Geforce GTX 980AMP! OMEGA 4GB DDR5 256bit,NVIDIA,980,4,700
8999000,VGA,Zotac,ZOTAC Geforce GTX 980AMP! OMEGA 4GB DDR5 256bit,NVIDIA,980,4,700
9090000,VGA,Gigabyte,Gigabyte GV-970TTOC-4GD GTX 970 OC 4GB GDDR5,NVIDIA,970,4,600
9090000,VGA,Gigabyte,Gigabyte GV-970TTOC-4GD GTX 970 OC 4GB GDDR5,NVIDIA,970,4,600
9320000,VGA,MSI,MSI R9 390 GAMING 8G,AMD,R9 390,8,450
9320000,VGA,MSI,MSI R9 390 GAMING 8G,AMD,R9 390,8,450
9400000,VGA,Gigabyte,Gigabyte GV-970WF3OC-4GD GTX 970 WindForce3 OC 4GB GDDR5 ,NVIDIA,970,4,600
9400000,VGA,Gigabyte,Gigabyte GV-970WF3OC-4GD GTX 970 WindForce3 OC 4GB GDDR5 ,NVIDIA,970,4,600
9599000,VGA,Asus,ASUS STRIX R9 390-DC3OC-8GD5-GAMING (512bits),AMD,R9 390,8,450
9599000,VGA,Asus,ASUS STRIX R9 390-DC3OC-8GD5-GAMING (512bits),AMD,R9 390,8,450
9750000,VGA,Asus,ASUS HD7970-DC2-3GD5,AMD,7970,3,600
9750000,VGA,Asus,ASUS HD7970-DC2-3GD5,AMD,7970,3,600
9790000,VGA,Asus,ASUS STRIX GTX 970-DC2OC-4GD5 GAMING (256bits),NVIDIA,970,4,600
9790000,VGA,Asus,ASUS STRIX GTX 970-DC2OC-4GD5 GAMING (256bits),NVIDIA,970,4,600
9940000,VGA,MSI,MSI GTX 970 4G GDDR5 GAMING 100 Million Edi Tion ,NVIDIA,970,4,600
9940000,VGA,MSI,MSI GTX 970 4G GDDR5 GAMING 100 Million Edi Tion ,NVIDIA,970,4,600
9990000,VGA,MSI,MSI GTX 980 4GD5T 4GB GDDR5 OC Tiger White,NVIDIA,980,4,700
9990000,VGA,MSI,MSI GTX 980 4GD5T 4GB GDDR5 OC Tiger White,NVIDIA,980,4,700
9999720,VGA,MSI,MSI R9 290 4GD5,AMD,R9 290,4,450
10190000,VGA,Gigabyte,Gigabyte GV-970 G1 GAMING-4GD,NVIDIA,970,4,600
10190000,VGA,Gigabyte,Gigabyte GV-970 G1 GAMING-4GD,NVIDIA,970,4,600
10490000,VGA,Gigabyte,Gigabyte GV-970 XTREME-4GD GTX 970 Xtreme 4GB GDDR5 ,NVIDIA,970,4,600
10490000,VGA,Gigabyte,Gigabyte GV-970 XTREME-4GD GTX 970 Xtreme 4GB GDDR5 ,NVIDIA,970,4,600
10990000,VGA,Asus,ASUS HD7970-DC2T-3GD5,AMD,7970,3,600
10990000,VGA,Asus,ASUS HD7970-DC2T-3GD5,AMD,7970,3,600
10990000,VGA,MSI,MSI GTX 980 GAMING 4G GDDR5 PCIeXpress 3.0,NVIDIA,980,4,700
10990000,VGA,MSI,MSI GTX 980 GAMING 4G GDDR5 PCIeXpress 3.0,NVIDIA,980,4,700
11150000,VGA,MSI,MSI R9 390 X GAMING 8G ,AMD,R9 390,8,450
11150000,VGA,MSI,MSI R9 390 X GAMING 8G ,AMD,R9 390,8,450
11316000,VGA,SAPPHIRE,SAPPHIRE R9 290 4G GDDR5,AMD,R9 290,4,450
11455000,VGA,SAPPHIRE,SAPPHIRE TR9 290 4G GDDR5,AMD,R9 290,4,450
11590000,VGA,Asus,ASUS STRIX-R9 390 X-DC3OC-8GD5-GAMING,AMD,R9 390,8,450
11590000,VGA,Asus,ASUS STRIX-R9 390X-DC3OC-8GD5-GAMING,AMD,R9 390X,8,450
11800000,VGA,Zotac,ZOTAC GTX 1070 Founders Edi Tion,NVIDIA,1070,8,600
11800000,VGA,Zotac,ZOTAC GTX 1070 Founders Edi Tion,NVIDIA,1070,8,600
11890000,VGA,MSI,MSI Geforce GTX 1070 ARMOR 8GOC,NVIDIA,1070,8,600
11890000,VGA,Gigabyte,Gigabyte GTX 1070 WINDFORCE OC (GV-N1070WF2OC-8GD),NVIDIA,1070,8,600
11890000,VGA,Gigabyte,Gigabyte GTX 1070 WINDFORCE OC (GV-N1070WF2OC-8GD),NVIDIA,1070,8,600
11890000,VGA,MSI,MSI Geforce GTX 1070 ARMOR 8GOC,NVIDIA,1070,8,600
11900000,VGA,MSI,MSI GTX 980 Ti 6GD5T OC Tiger Armor 2X,NVIDIA,980 Ti,6,800
11900000,VGA,MSI,MSI GTX 980 Ti 6GD5T OC Tiger Armor 2X,NVIDIA,980 Ti,6,800
11999000,VGA,Zotac,ZOTAC Gefoce GTX 980 Ti AMP OMEGA 6GB DDR5 384bit,NVIDIA,980 Ti,6,800
11999000,VGA,Zotac,ZOTAC Gefoce GTX 980 Ti AMP OMEGA 6GB DDR5 384bit,NVIDIA,980 Ti,6,800
12490000,VGA,Gigabyte,Gigabyte GeForce GTX 1070 G1 Gaming (GV-N1070 G1 GAMING-8GD),NVIDIA,1070,8,600
12490000,VGA,Gigabyte,Gigabyte GeForce GTX 1070 G1 Gaming (GV-N1070 G1 GAMING-8GD),NVIDIA,1070,8,600
12590000,VGA,MSI,MSI GeForce GTX 1070 Founders Edi Tion,NVIDIA,1070,8,600
12590000,VGA,MSI,MSI GeForce GTX 1070 Founders Edi Tion,NVIDIA,1070,8,600
12890000,VGA,Gigabyte,Gigabyte GeForce GTX 1070 Founder Edi Tion (GV-N1070D5-8GD-B),NVIDIA,1070,8,600
12890000,VGA,Gigabyte,Gigabyte GeForce GTX 1070 Founder Edi Tion (GV-N1070D5-8GD-B),NVIDIA,1070,8,600
12890000,VGA,MSI,MSI GTX 980 Ti GAMING 6G - nVidia GTX 980 Ti,NVIDIA,980 Ti,6,800
12890000,VGA,MSI,MSI GTX 980 Ti GAMING 6G - nVidia GTX 980 Ti,NVIDIA,980 Ti,6,800
12900000,VGA,Gainward,Gainward GeForce GTX 780 3GB GDDR5 384bit Phantom GS (overclock),NVIDIA,780,3,700
12980000,VGA,Asus,ASUS ROG STRIX GTX 1070 8G GAMING,NVIDIA,1070,8,600
12980000,VGA,Asus,ASUS ROG STRIX GTX 1070 8G GAMING,NVIDIA,1070,8,600
12990000,VGA,Quadro,NVIDIA Quadro K2000 2GB GDDR5 128Bit,Quadro,K2000,2,400
13099000,VGA,MSI,MSI GeForce GTX 1070 GAMING X 8G,NVIDIA,1070,8,600
13099000,VGA,MSI,MSI GeForce GTX 1070 GAMING X 8G,NVIDIA,1070,8,600
13450000,VGA,Asus,ASUS ROG STRIX-GTX 1070-O8G-GAMING,NVIDIA,1070,8,600
13450000,VGA,Asus,ASUS ROG STRIX-GTX 1070-O8G-GAMING,NVIDIA,1070,8,600
13500000,VGA,Zotac,ZOTAC Geforce GTX 980 Ti AMP Extreme 6GB GDDR5 384 bit,NVIDIA,980 Ti,6,800
13590000,VGA,Gigabyte,Gigabyte GTX 1070 Xtreme Gaming (GV-N1070 XTREME-8GD),NVIDIA,1070,8,600
13590000,VGA,Gigabyte,Gigabyte GTX 1070 Xtreme Gaming (GV-N1070 XTREME-8GD),NVIDIA,1070,8,600
14790000,VGA,Gigabyte,Gigabyte GV-980 XTREME-4GD GTX 980 Xtreme 4GB GDDR5,NVIDIA,980,4,700
14790000,VGA,Gigabyte,Gigabyte GV-980 XTREME-4GD GTX 980 Xtreme 4GB GDDR5,NVIDIA,980,4,700
14850000,VGA,Zotac,ZOTAC Geforce GTX 980 Ti 6GB 384-Bit GDDR5 Reference - TRAY ,NVIDIA,980 Ti,6,800
14850000,VGA,Zotac,ZOTAC Geforce GTX 980 Ti 6GB 384-Bit GDDR5 Reference - TRAY ,NVIDIA,980 Ti,6,800
14950000,VGA,Asus,ASUS STRIX GTX 980-DC2OC-4GD5 GAMING (256bits),NVIDIA,980,4,700
14950000,VGA,Asus,ASUS STRIX GTX 980-DC2OC-4GD5 GAMING (256bits),NVIDIA,980,4,700
14999000,VGA,Gigabyte,Gigabyte GV 980D5-4GD-B ( nVidia GTX 980 Chipset),NVIDIA,980,4,700
14999000,VGA,Gigabyte,Gigabyte GV 980D5-4GD-B ( nVidia GTX 980 Chipset),NVIDIA,980,4,700
15000000,VGA,,SAPPHIRE TRI-X R9 290 4GB GDDR5 OC,AMD,R9 290,4,450
16500000,VGA,Asus,ASUS GTX 980 Ti Gold Edi Tion GOLDTH-GTX 980 Ti-P-6GD5-GAMING (384 bits),NVIDIA,980 Ti,6,800
16500000,VGA,Asus,ASUS GTX 980 Ti Gold Edi Tion GOLDTH-GTX 980 Ti-P-6GD5-GAMING (384 bits),NVIDIA,980 Ti,6,800
16640000,VGA,MSI,MSI GTX 980 Ti 6GD5 ,NVIDIA,980 Ti,6,800
16640000,VGA,MSI,MSI GTX 980 Ti 6GD5 ,NVIDIA,980 Ti,6,800
16900000,VGA,MSI,MSI GTX 780 Ti GAMING 3G,NVIDIA,780 Ti,3,700
17190000,VGA,MSI,MSI GTX 980 Ti 6GD5T 6GB GDDR5 OC Tiger White ,NVIDIA,980 Ti,6,800
17190000,VGA,MSI,MSI GTX 980 Ti 6GD5T 6GB GDDR5 OC Tiger White ,NVIDIA,980 Ti,6,800
17200000,VGA,Zotac,ZOTAC GTX 1080 Founders Edi Tion,NVIDIA,1080,8,800
17200000,VGA,Zotac,ZOTAC GTX 1080 Founders Edi Tion,NVIDIA,1080,8,800
17250000,VGA,MSI,MSI GeForce GTX 1080 Armor 8G OC,NVIDIA,1080,8,800
17250000,VGA,MSI,MSI GeForce GTX 1080 Armor 8G OC,NVIDIA,1080,8,800
17290000,VGA,Gigabyte,Gigabyte GV-980 Ti D5-6GD-B,NVIDIA,980 Ti,6,800
17290000,VGA,Gigabyte,Gigabyte GV-980 Ti D5-6GD-B,NVIDIA,980 Ti,6,800
17980000,VGA,Gigabyte,Gigabyte GeForce GTX 1080 G1 Gaming (GV-N1080 G1 GAMING-8GD),NVIDIA,1080,8,800
17980000,VGA,Gigabyte,Gigabyte GeForce GTX 1080 G1 Gaming (GV-N1080 G1 GAMING-8GD),NVIDIA,1080,8,800
17990000,VGA,MSI,MSI GeForce GTX 1080 Gaming X 8G,NVIDIA,1080,8,800
17990000,VGA,MSI,MSI GeForce GTX 1080 Gaming X 8G,NVIDIA,1080,8,800
18249000,VGA,Gigabyte,Gigabyte GV-R9 FURYX-4GD-B,AMD,R9 FURYX,4,450
18250000,VGA,Asus,ASUS STRIX GTX 980 Ti-DC3OC-6GD5 GAMING (384 bits),NVIDIA,980 Ti,6,800
18250000,VGA,Asus,ASUS STRIX GTX 980 Ti-DC3OC-6GD5 GAMING (384 bits),NVIDIA,980 Ti,6,800
18290000,VGA,Gigabyte,Gigabyte GV-980 Ti G1 GAMING-6GD,NVIDIA,980 Ti,6,800
18290000,VGA,Gigabyte,Gigabyte GV-980 Ti G1 GAMING-6GD,NVIDIA,980 Ti,6,800
18599000,VGA,Gigabyte,Gigabyte GV-980 Ti XTREME-6GD GTX 980 Ti Xtreme 6GB GDDR5,NVIDIA,980 Ti,6,800
18599000,VGA,Gigabyte,Gigabyte GV-980 Ti XTREME-6GD GTX 980 Ti Xtreme 6GB GDDR5,NVIDIA,980 Ti,6,800
18690000,VGA,Gigabyte,Gigabyte GV-980 Ti XTREME-6GD,NVIDIA,980 Ti,6,800
18900000,VGA,Zotac,ZOTAC GTX 1080 AMP Edi Tion,NVIDIA,1080,8,800
18900000,VGA,Zotac,ZOTAC GTX 1080 AMP Edi Tion,NVIDIA,1080,8,800
18990000,VGA,Gigabyte,Gigabyte GV-980 Ti XTREME W-6GD GTX 980 Ti WTF Xtreme 6GB GDDR5,NVIDIA,980 Ti,6,800
18990000,VGA,Gigabyte,Gigabyte GV-980 Ti XTREME W-6GD GTX 980 Ti WTF Xtreme 6GB GDDR5,NVIDIA,980 Ti,6,800
19090000,VGA,Asus,ASUS GTX 1080-8G,NVIDIA,1080,8,800
19090000,VGA,Asus,ASUS GTX 1080-8G,NVIDIA,1080,8,800
19390000,VGA,Gigabyte,Gigabyte GV-980 Ti XTREME W-6GD,NVIDIA,980 Ti,6,800
19400000,VGA,Zotac,ZOTAC GTX 1080 AMP Extreme,NVIDIA,1080,8,800
19400000,VGA,Asus,ASUS ROG Strix GeForce GTX 1080 A8G,NVIDIA,1080,8,800
19400000,VGA,Asus,ASUS ROG Strix GeForce GTX 1080 A8G,NVIDIA,1080,8,800
19400000,VGA,Zotac,ZOTAC GTX 1080 AMP Extreme,NVIDIA,1080,8,800
19490000,VGA,MSI,MSI GeForce GTX 1080 8GD5X Founder Edi Tion,NVIDIA,1080,8,800
19490000,VGA,Gigabyte,Gigabyte GeForce GTX 1080 Founder Edi Tion (GV-N1080D5X-8GD-B),NVIDIA,1080,8,800
19490000,VGA,Gigabyte,Gigabyte GeForce GTX 1080 Founder Edi Tion (GV-N1080D5X-8GD-B),NVIDIA,1080,8,800
19490000,VGA,MSI,MSI GeForce GTX 1080 8GD5X Founder Edi Tion,NVIDIA,1080,8,800
19500000,VGA,Gigabyte,Gigabyte GTX 1080 Xtreme Gaming (GV-N1080 XTREME-8GD-PP),NVIDIA,1080,8,800
19500000,VGA,Gigabyte,Gigabyte GTX 1080 Xtreme Gaming (GV-N1080 XTREME-8GD-PP),NVIDIA,1080,8,800
19890000,VGA,Asus,ASUS ROG STRIX-GTX 1080-O8G-GAMING ,NVIDIA,1080,8,800
19890000,VGA,Asus,ASUS ROG STRIX-GTX 1080-O8G-GAMING ,NVIDIA,1080,8,800
19890000,VGA,MSI,MSI GTX 980 Ti LIGHTNING - nVidia Geforce GTX 980 Ti Chipset,NVIDIA,980 Ti,6,800
19890000,VGA,MSI,MSI GTX 980 Ti LIGHTNING - nVidia Geforce GTX 980 Ti Chipset,NVIDIA,980 Ti,6,800
19990000,VGA,Quadro,NVIDIA Quadro NVS 810 DP NVIDIA Pro Graphics Card 4GB,Quadro,NVS 810,4,400
20890000,VGA,Gigabyte,Gigabyte GTX 1080 Xtreme Gaming Premium Pack 8GB (GV-N1080 XTREME-8GD-PP),NVIDIA,1080,8,800
20890000,VGA,Gigabyte,Gigabyte GTX 1080 Xtreme Gaming Premium Pack 8GB (GV-N1080 XTREME-8GD-PP),NVIDIA,1080,8,800
21690000,VGA,MSI,MSI 1080 SEA HAWK EK X,AMD,1080,8,250
21690000,VGA,MSI,MSI GTX 1080 SEA HAWK EK X,NVIDIA,1080,8,800
21990000,VGA,Quadro,NVIDIA Quadro K4000 3GB GDDR5 192Bit,Quadro,K4000,3,600
23500000,VGA,Gigabyte,Gigabyte GTX 1080 Xtreme Gaming WATERFORCE 8G (GV-N1080 XTREME W-8GD),NVIDIA,1080,8,800
23500000,VGA,Gigabyte,Gigabyte GTX 1080 Xtreme Gaming WATERFORCE 8G (GV-N1080 XTREME W-8GD),NVIDIA,1080,8,800
24390000,VGA,MSI,MSI TITAN 6GD5,NVIDIA,TITAN,6,800
24790000,VGA,Quadro,nVidia Quadro M4000 8GB GDDR5 256bit,Quadro,M4000,8,600
24900000,VGA,Asus,ASUS GTX TITAN-6GD5,NVIDIA,TITAN,6,800
24900000,VGA,Asus,ASUS GTX TITAN-6GD5,NVIDIA,TITAN,6,800
25575000,VGA,Gigabyte,Gigabyte GV-N TITANBLKD5-6GD-B,NVIDIA,TITAN Black,6,800
25599000,VGA,Asus,ASUS GTX TITANBLACK-6GD5 (384bits),NVIDIA,TITAN Black,6,800
25599000,VGA,Asus,ASUS GTX TITANBLACK-6GD5 (384bits),NVIDIA,TITAN Black,6,800
26660000,VGA,MSI,TITAN X 12GD5,NVIDIA,TITAN X,12,800
26660000,VGA,MSI,TITAN X 12GD5,NVIDIA,TITAN X ,12,800
27500000,VGA,Asus,Nvidia's GeForce GTX TITAN X,NVIDIA,TITAN X,12,800
28000000,VGA,Zotac,ZOTAC GTX TITAN X Arc TicStorm,NVIDIA,TITAN X,12,800
28000000,VGA,Zotac,ZOTAC GTX TITAN X Arc TicStorm,NVIDIA,TITAN X,12,800
28500000,VGA,Gigabyte,Gigabyte GV-N TITANXD5-12GD-B,NVIDIA,TITAN X,12,800
28990000,VGA,Gigabyte,Gigabyte GTX TITAN X XTREME (XTREME GAMING Graphics Card),NVIDIA,TITAN X,12,800
28990000,VGA,Gigabyte,Gigabyte GTX TITAN X XTREME (XTREME GAMING Graphics Card),NVIDIA,Titan X,12,800
36590000,VGA,Gigabyte,Gigabyte GV-R9 295X2-8GD-B,AMD,R9 295X,8,800
36590000,VGA,Gigabyte,Gigabyte GV-R9 295X2-8GD-B,AMD,R9 295X,8,800
39990000,VGA,Gigabyte,Gigabyte GV-N TITANZD5-12GD-B,NVIDIA,TITAN Z,12,800
49590000,VGA,Quadro,NVIDIA Quadro K5000 4GB GDDR5 256Bit,Quadro,K5000,4,600
49590000,VGA,Quadro,nVidia Quadro M5000 8GB GDDR5 256bit,Quadro,M5000,8,600
57690000,VGA,Quadro,NVIDIA Quadro K5200 8GB GDDR5 256Bit,Quadro,K5200,8,400
85299000,VGA,Asus,ASUS GTX TITANZ-12GD5 (768bits),NVIDIA,TITAN Z,12,800
85299000,VGA,Asus,ASUS GTX TITANZ-12GD5 (768bits),NVIDIA,TITAN Z,12,800
107390000,VGA,Quadro,NVIDIA Quadro K6000 12GB GDDR5 384Bit,Quadro,K6000,12,600
128590000,VGA,Quadro,NVIDIA Quadro M6000 12GB GDDR5 384Bit,Quadro,M6000,12,600
129490000,VGA,Quadro,TESLA K20,Tesla,K20,5,400
